Date, Obama, ObamaCare, ObamaAbortion, ObamaEconomy, ObamaHealthcare, Romney, RomneyAbortion, RomneyEconomy, RomneyHealthcare
"Sep 13, 2012",91475,1820,191,991,136,53650,90,652,79
"Sep 12, 2012",91475,1820,190,993,136,53631,90,652,79
"Sep 11, 2012",172688,3386,364,1702,275,99649,159,1086,214
"Sep 10, 2012",230670,5452,541,2791,445,135264,290,1627,438
"Sep 09, 2012",225579,8118,728,3675,681,167845,466,2133,736
"Sep 08, 2012",223786,10193,872,4458,957,206007,598,2665,952
"Sep 07, 2012",261547,11978,1031,5499,1141,229338,720,3176,996
"Sep 06, 2012",453172,13510,1485,8758,1781,279876,948,4083,1129
"Sep 05, 2012",268168,16371,1840,10921,2112,168644,1100,4719,1219
"Sep 04, 2012",334547,19554,2343,12889,2748,193611,1441,5678,1372
"Sep 03, 2012",356363,21806,2546,14366,2991,208677,1582,7047,1441
"Sep 02, 2012",374750,22141,2753,15055,3372,217124,1695,7292,1479
"Sep 01, 2012",376398,23287,2855,15577,3808,225874,1789,7462,1444
"Aug 31, 2012",402238,23709,2968,16072,3886,239263,1923,7862,1577
"Aug 30, 2012",432535,26717,3148,17227,4077,289120,2296,8791,1775
"Aug 29, 2012",453783,29230,3432,18194,4194,308302,2561,9562,1851
"Aug 28, 2012",472951,29315,3814,19041,4132,341869,2970,10063,1952
"Aug 27, 2012",485805,31825,4110,19665,4324,354281,3542,10543,2016
"Aug 26, 2012",497575,32948,4437,19986,4400,365461,3988,10911,2099
"Aug 25, 2012",508820,33780,4810,20732,4456,373895,4366,11191,2181
"Aug 24, 2012",519550,34709,5134,21247,4517,383831,4659,11624,2224
"Aug 23, 2012",532373,36001,5513,22008,4621,393732,5755,11972,2305
"Aug 22, 2012",544704,37051,5793,22463,4727,408870,6387,12593,2358
"Aug 21, 2012",555910,38109,5982,22896,4792,417401,6935,12512,2408
"Aug 20, 2012",568303,39238,6145,23314,4902,418279,7359,12685,2423
"Aug 19, 2012",577873,40481,6274,23667,4964,430842,7697,13182,2455
"Aug 18, 2012",586440,41325,6313,23912,5029,428675,7836,13166,2503
"Aug 17, 2012",594875,40260,6368,24216,5092,441947,7851,13453,2541
"Aug 16, 2012",605783,43382,6398,24717,5179,451085,7985,13673,2617
"Aug 15, 2012",617700,44683,6460,25008,5259,461119,8037,13700,2560
"Aug 14, 2012",629424,46147,6547,25352,5326,471412,8103,13908,2764
"Aug 13, 2012",83311,46909,6589,23782,5394,155607,8156,13026,2831
"Aug 12, 2012",81324,47729,6613,24030,5358,160753,8100,13405,2709
"Aug 11, 2012",88971,48407,6653,23858,5396,165212,8224,13164,2868
"Aug 10, 2012",88556,46917,6686,22401,5421,176709,8154,12731,2939
"Aug 09, 2012",91511,49888,6730,21981,5481,181395,8268,12487,2999
"Aug 08, 2012",95446,50722,6754,21292,5528,185811,8292,12054,3079
"Aug 07, 2012",96775,51430,6494,20191,5587,189816,8213,11199,3126
"Aug 06, 2012",94832,51990,6830,17774,5613,194097,8230,9984,3140
"Aug 05, 2012",96589,52384,6875,17015,5636,197979,8341,9535,3124
"Aug 04, 2012",101349,52700,6678,14733,5519,199421,8135,8342,3163
"Aug 03, 2012",102148,53137,6910,13238,5712,201514,8352,7472,3183
"Aug 02, 2012",105806,53685,6946,11589,5719,207013,8247,6438,3218
"Aug 01, 2012",101123,54548,6964,9326,5761,209742,8278,4871,3230
"Jul 31, 2012",101438,53672,6997,7190,5771,214950,8309,3982,3291
"Jul 30, 2012",110748,56018,7026,6446,5825,219319,8318,3499,3389
"Jul 29, 2012",112355,54044,7049,6425,5882,219212,8331,3518,3430
"Jul 28, 2012",109392,57009,7076,6560,5865,226718,8341,3575,3444
"Jul 27, 2012",112954,57600,7134,6329,5935,229053,8121,3383,3457
"Jul 26, 2012",113888,58217,7166,6669,5918,235680,8377,3388,3458
"Jul 25, 2012",114757,57955,7215,6503,5957,238216,8484,3434,3486
"Jul 24, 2012",112463,59681,7242,6692,6030,241788,8417,3584,3502
"Jul 23, 2012",110399,60214,7264,7007,6029,247001,8466,3728,3512
"Jul 22, 2012",119877,59809,7279,6824,6081,247787,8562,3766,3519
"Jul 21, 2012",122288,61056,7294,7202,6118,249044,8576,3529,3543
"Jul 20, 2012",122260,61413,7313,7272,6029,250913,8592,3809,3563
"Jul 19, 2012",120229,61973,7316,7261,6162,254486,8598,3833,3561
"Jul 18, 2012",119510,62707,7339,7663,6184,259556,8609,3836,3592
"Jul 17, 2012",132919,62506,7362,7728,6199,264467,8531,3889,3580
"Jul 16, 2012",130144,63320,7398,7839,6193,268423,8646,3889,3599
"Jul 15, 2012",132106,65276,7458,8110,6217,272666,8577,3887,3611
"Jul 14, 2012",132296,66188,7464,8129,6301,277030,8195,4223,3571
"Jul 13, 2012",140998,64167,7477,8329,6367,281502,8714,4287,3656
"Jul 12, 2012",141567,68607,7519,8490,6438,286608,8547,4324,3662
"Jul 11, 2012",141844,71463,7557,8611,6545,291174,8700,4356,3729
"Jul 10, 2012",142777,74519,7579,8688,6652,295221,8582,4490,3805
"Jul 09, 2012",138982,76692,7636,8710,6724,299187,8741,4465,3855
"Jul 08, 2012",145843,77247,7650,9175,6793,301526,8859,4529,3874
"Jul 07, 2012",145586,79745,7662,9348,6635,303546,8811,4536,3903
"Jul 06, 2012",148012,81224,7698,9481,6962,304130,8804,4472,3961
"Jul 05, 2012",149510,83466,7751,9408,7103,307850,8832,4780,4055
"Jul 04, 2012",150526,85676,7721,9764,7196,309040,8936,4736,4172
"Jul 03, 2012",150144,88132,7761,9886,7312,311738,8958,4687,4255
"Jul 02, 2012",154700,88310,7762,9685,7507,314652,9006,4956,4385
"Jul 01, 2012",154067,97179,7791,9536,7783,315644,8921,4686,4460
"Jun 30, 2012",155210,100492,7789,9596,7909,317274,8952,4827,4511
"Jun 29, 2012",158144,104308,7846,9725,8148,316806,8942,4876,4533
"Jun 28, 2012",159806,118539,7857,9867,8940,319539,8777,4818,4872
"Jun 27, 2012",154788,130436,7867,10187,10136,322025,9081,4969,5128
"Jun 26, 2012",169551,131564,7939,10125,10311,324051,9106,4900,5196
"Jun 25, 2012",159770,131759,7958,9635,10468,325239,9129,4710,5185
"Jun 24, 2012",160261,133037,7974,10152,10782,327718,9134,4844,5301
"Jun 23, 2012",165494,133639,7987,10149,10500,328509,9028,5077,5202
"Jun 22, 2012",169150,133831,7980,10382,10565,330436,9139,5138,5217
"Jun 21, 2012",169143,134629,8016,10377,10662,332508,9141,5175,5295
"Jun 20, 2012",172527,135436,8075,10382,10600,333812,9072,5270,5288
"Jun 19, 2012",170310,134922,8086,10652,10731,337554,9149,5239,5287
"Jun 18, 2012",172116,135249,8113,10966,10783,338845,9083,5283,5277
"Jun 17, 2012",177855,135883,8084,10867,10902,340870,9185,5368,5327
"Jun 16, 2012",179814,136193,8143,11211,10691,343449,9093,5412,5286
"Jun 15, 2012",173793,135874,8174,10619,10757,344182,9189,5439,5283
"Jun 14, 2012",181464,136059,8169,11251,10806,346537,9196,5369,5375
"Jun 13, 2012",180802,136580,8197,11933,10997,349615,9105,5775,5405
"Jun 12, 2012",187582,136375,8233,11914,10834,350384,9213,5588,5401
"Jun 11, 2012",185913,132928,8264,12436,10873,353768,9128,5855,5487
"Jun 10, 2012",193026,137404,8290,12280,10950,354105,9154,5974,5426
"Jun 09, 2012",186270,137704,8284,12421,10961,354102,9241,5969,5403
"Jun 08, 2012",190278,138077,8326,12591,10866,358268,8964,6097,5443
"Jun 07, 2012",200839,138567,8262,13936,10948,355734,9154,6119,5407
"Jun 06, 2012",199048,134559,8358,13679,10950,353821,9278,6290,5435
"Jun 05, 2012",196773,139334,8397,13852,11143,362579,9183,6170,5404
"Jun 04, 2012",197845,139086,8438,13999,10851,364090,9210,6211,5437
"Jun 03, 2012",201739,139126,8449,14398,11009,365846,9306,6250,5430
"Jun 02, 2012",203734,139286,8513,14061,11004,370100,9223,6423,5489
"Jun 01, 2012",203728,139504,8570,13982,10893,367140,9254,6472,5426
"May 31, 2012",205596,139226,8612,14829,10766,357499,9335,6672,5079
"May 30, 2012",208378,139587,8712,14702,10644,371954,9273,6511,5239
"May 29, 2012",209818,139929,8714,14811,10819,378100,9413,6578,5316
"May 28, 2012",212921,140225,8788,14657,10959,379391,9402,6809,5327
"May 27, 2012",211578,140434,8716,14221,10726,379811,9428,6675,5226
"May 26, 2012",211717,140638,8661,15037,10709,382697,9413,6694,5315
"May 25, 2012",216794,140885,8791,14658,10814,384313,9347,6786,5281
"May 24, 2012",221797,141194,8860,14952,10775,385005,9356,6753,5269
"May 23, 2012",218389,141659,8812,15081,10422,388748,9488,6692,5238
"May 22, 2012",219539,142016,8703,14928,10585,389701,9455,7069,5180
"May 21, 2012",217693,142387,8916,15521,10560,391527,9369,7038,5180
"May 20, 2012",222566,142563,8782,15473,10517,393618,9471,7001,5258
"May 19, 2012",221495,142704,8873,15511,10644,391487,9392,6985,5193
"May 18, 2012",224253,142884,8923,15583,10228,392788,9519,7147,5192
"May 17, 2012",224416,142816,8767,15536,10420,395036,9520,7032,5131
"May 16, 2012",234332,143269,9025,16172,10127,399257,9396,7163,5157
"May 15, 2012",227632,143291,9024,16015,10257,403156,9538,7060,5080
"May 14, 2012",226982,143665,9039,16190,10246,403781,9222,7287,5041
"May 13, 2012",230559,141538,9069,16451,9652,402298,9531,7386,4972
"May 12, 2012",235414,143270,9086,16167,10230,407404,9477,7327,4953
"May 11, 2012",238462,143112,9121,16550,10064,406122,9463,7645,4921
"May 10, 2012",242937,143381,9144,16566,9712,413692,9493,7555,4818
"May 09, 2012",241399,143056,9162,16530,9467,416488,9489,7541,4691
"May 08, 2012",246326,142993,9264,17096,9334,411408,9496,7380,4638
"May 07, 2012",245102,142904,9199,16971,9024,421713,9613,7591,4413
"May 06, 2012",249451,143218,9247,16973,9082,422751,9512,7692,4418
"May 05, 2012",247773,137057,9208,17182,8926,424333,9607,7758,4444
"May 04, 2012",238409,143661,9071,17319,9169,422889,9615,7824,4396
"May 03, 2012",245068,144021,9246,17332,8655,416713,9619,8046,4398
"May 02, 2012",252531,144109,9350,17220,8941,430635,9634,8001,4391
"May 01, 2012",266561,144433,8969,17556,8635,433307,9640,8045,4304
"Apr 30, 2012",268898,144128,9098,17292,8162,436778,9635,8083,4077
"Apr 29, 2012",263036,144361,9309,17706,8085,437366,9604,7985,3847
"Apr 28, 2012",254766,144516,9272,17854,8015,438190,9582,7806,3939
"Apr 27, 2012",265933,144389,8855,17942,7930,419831,9436,8150,3859
"Apr 26, 2012",264167,144746,9282,17730,7953,443363,9552,8168,3905
"Apr 25, 2012",269209,145071,9282,17772,7600,441757,9599,7773,3752
"Apr 24, 2012",268698,145406,9333,17925,7565,446176,9611,7949,3710
"Apr 23, 2012",268020,145187,9403,18224,7259,426447,9625,8281,3657
"Apr 22, 2012",275094,145527,9376,18460,7139,447743,9523,8469,3418
"Apr 21, 2012",261717,145711,9437,18298,6952,445290,9526,8071,3598
"Apr 20, 2012",276229,143901,9375,18682,6939,453573,9663,8222,3588
"Apr 19, 2012",281733,146325,9436,18474,6644,453652,9495,8119,3492
"Apr 18, 2012",266153,144570,9434,18861,6958,459434,9515,7978,3508
"Apr 17, 2012",281028,147037,9405,19043,6675,462380,9362,8501,3460
"Apr 16, 2012",284946,147038,9499,19125,6594,465066,9593,8519,3481
"Apr 15, 2012",284738,147370,9494,19057,6678,471341,9652,8654,3382
"Apr 14, 2012",281335,147654,9489,19210,6547,469371,9668,8663,3403
"Apr 13, 2012",291620,147919,9423,19117,6697,472365,9627,8605,3386
"Apr 12, 2012",293056,148297,9430,18889,6357,474542,9627,8813,3355
"Apr 11, 2012",299934,148345,9432,19417,6494,479794,9652,8612,3389
"Apr 10, 2012",288127,148575,9431,19560,6543,474934,9701,8622,3370
"Apr 09, 2012",296962,148947,9438,19230,6480,482778,9695,8368,3428
"Apr 08, 2012",295397,149417,9334,19844,6498,484116,9635,8788,3294
"Apr 07, 2012",297487,149699,9376,19627,6394,487862,9642,8880,3296
"Apr 06, 2012",297844,144885,9421,20160,6453,487755,9647,8986,3256
"Apr 05, 2012",301360,149417,9332,19978,6344,486674,9512,8842,3179
"Apr 04, 2012",299743,149749,9114,19836,6454,491347,9265,8800,3255
"Apr 03, 2012",303093,148469,9193,20035,6470,497105,9338,8625,3277
"Apr 02, 2012",303326,151898,9220,20079,6487,495647,9356,9104,3197
"Apr 01, 2012",307059,152749,9208,20590,6436,500095,9366,8939,3241
"Mar 31, 2012",301130,153484,9309,19744,6547,497299,9273,9029,3266
"Mar 30, 2012",304357,151304,9278,19799,6382,486611,9360,8829,3269
"Mar 29, 2012",311434,151730,9206,20009,6580,499029,9319,8943,3252
"Mar 28, 2012",306785,154627,9308,20117,6826,502382,9273,9033,3278
"Mar 27, 2012",313106,157057,8931,19855,6873,507304,9321,9022,3320
"Mar 26, 2012",309175,160217,9043,20215,6861,504913,9323,9022,3304
"Mar 25, 2012",311845,162714,9252,20554,7161,504704,9375,9073,3274
"Mar 24, 2012",316991,163785,9181,20052,7258,510120,9116,9085,3387
"Mar 23, 2012",314113,165049,8948,20113,7287,510995,8987,8993,3373
"Mar 22, 2012",315467,166818,9034,20168,7347,508509,9003,9066,3429
"Mar 21, 2012",317228,167640,8962,20515,7341,512832,8841,9126,3470
"Mar 20, 2012",301064,168386,8887,20338,7421,517548,8743,9203,3465
"Mar 19, 2012",318988,169115,8950,20739,7476,519983,8435,9206,3411
"Mar 18, 2012",320981,169728,8949,20655,7409,526700,8771,8846,3484
"Mar 17, 2012",324129,169986,9042,20574,7454,525420,8761,9288,3474
"Mar 16, 2012",319010,170310,9025,20291,7477,523953,8836,9099,3260
"Mar 15, 2012",325371,170908,9034,20667,7698,509200,8749,9120,3434
"Mar 14, 2012",333023,171450,9078,20994,7573,527170,8852,9138,3468
"Mar 13, 2012",330323,172167,9098,21252,7614,531882,8804,9317,3500
"Mar 12, 2012",335904,172600,9087,20499,7635,533939,8648,9318,3531
"Mar 11, 2012",332270,173016,8932,20860,7611,535045,8608,9307,3579
"Mar 10, 2012",326982,173216,8892,21285,7471,535374,8606,9160,3529
"Mar 09, 2012",333060,165818,8822,20743,7639,534272,8434,9299,3532
"Mar 08, 2012",335636,173841,8795,20834,7659,540997,8371,9445,3551
"Mar 07, 2012",336447,171555,8251,20937,7724,542298,8233,9331,3517
"Mar 06, 2012",337986,171915,8726,21231,7714,549611,8253,9412,3633
"Mar 05, 2012",340562,174836,8727,21047,7337,550009,8239,9375,3632
"Mar 04, 2012",345942,175179,8511,20898,7785,552810,8181,9376,3581
"Mar 03, 2012",344495,175391,8695,21542,7757,538297,8195,9601,3485
"Mar 02, 2012",345503,175734,8797,21310,7779,553583,8205,9467,3679
"Mar 01, 2012",335004,175957,8704,21195,7801,554638,8148,9417,3667
"Feb 29, 2012",331042,176329,8587,21559,7888,562600,8026,9672,3686
"Feb 28, 2012",346219,176797,8263,21444,7960,565248,7995,9490,3718
"Feb 27, 2012",347447,177265,8346,21978,8156,570811,7942,9511,3723
"Feb 26, 2012",352749,177580,8602,21993,8242,569062,8029,9702,3706
"Feb 25, 2012",355830,177793,8631,21554,8175,569936,7985,9511,3745
"Feb 24, 2012",338427,178042,8590,21684,8216,576014,8002,9602,3688
"Feb 23, 2012",354534,178364,8681,22134,8247,574015,8118,9571,3736
"Feb 22, 2012",355691,178857,8725,21900,8272,575794,8028,9459,3731
"Feb 21, 2012",344827,179178,8638,21782,8260,581479,7943,9724,3732
"Feb 20, 2012",355733,179403,8630,22049,8362,581324,8025,9860,3758
"Feb 19, 2012",359078,179646,8662,22214,8412,574920,7790,9741,3740
"Feb 18, 2012",366894,179858,8526,22401,8068,583724,7833,9738,3779
"Feb 17, 2012",360816,180092,8618,21783,8360,583832,7611,9672,3783
"Feb 16, 2012",351767,180390,8495,22187,8189,587525,7480,9725,3764
"Feb 15, 2012",354543,180813,8475,22460,8362,587549,7406,9706,3778
"Feb 14, 2012",371294,181333,8499,22101,8423,588992,7504,9790,3731
"Feb 13, 2012",359606,181674,8623,22518,8448,589861,7468,9889,3774
"Feb 12, 2012",360896,182122,8680,22598,8513,592750,7562,9733,3667
"Feb 11, 2012",373040,182359,8649,23152,8490,594634,7411,9795,3804
"Feb 10, 2012",369310,182690,8662,22921,8350,597577,7325,9971,3827
"Feb 09, 2012",379554,183197,8584,23168,8554,600314,7305,9977,3814
"Feb 08, 2012",379934,183639,8620,22635,8671,601239,7306,9848,3774
"Feb 07, 2012",374134,184095,8732,23174,8666,600592,7367,9675,3795
"Feb 06, 2012",371106,184541,8753,23250,8638,603297,7415,9572,3803
"Feb 05, 2012",379636,184787,8864,23690,8676,607748,7296,9904,3839
"Feb 04, 2012",382524,184953,9006,23107,8612,611019,7343,9965,3831
"Feb 03, 2012",369698,185132,8744,23107,8677,614107,7412,9931,3834
"Feb 02, 2012",386681,185464,8740,23820,8622,615959,7343,9922,3873
"Feb 01, 2012",379753,185734,8734,23434,8567,620623,7436,10083,3893
"Jan 31, 2012",388581,186085,9003,23455,8603,617427,7411,9978,3902
"Jan 30, 2012",370895,186604,8855,23484,8697,632019,7464,9989,3880
"Jan 29, 2012",379257,187098,9035,24330,8816,635273,7457,9974,3903
"Jan 28, 2012",391459,187373,8970,24079,8845,639553,7554,10259,3922
"Jan 27, 2012",381514,187684,8961,23957,8692,641863,7563,10037,3926
"Jan 26, 2012",382208,188097,8959,23649,8796,641395,7574,10048,3992
"Jan 25, 2012",396497,188675,9171,23930,8968,653028,7655,10099,4052
"Jan 24, 2012",391562,189030,9013,24217,8797,652788,7660,10106,4035
"Jan 23, 2012",400593,189302,9155,24421,8935,659453,7627,10294,4060
"Jan 22, 2012",395073,189525,9311,24627,8826,661819,7646,10166,4086
"Jan 21, 2012",397065,189667,9297,23915,8939,662248,7709,10313,4078
"Jan 20, 2012",397026,189869,9291,24577,8950,667344,7676,10105,4094
"Jan 19, 2012",411507,190034,9269,24606,8907,669767,7741,10305,4130
"Jan 18, 2012",403922,190525,9343,24312,8964,674003,7844,10400,4161
"Jan 17, 2012",404478,190685,9459,25076,9116,676098,7923,10416,4164
"Jan 16, 2012",398143,190918,9404,24754,8723,681638,8044,10257,4172
"Jan 15, 2012",402204,191189,9504,24796,8888,688196,8115,10483,4176
"Jan 14, 2012",406231,191214,9372,25442,8958,689811,8046,10404,4188
"Jan 13, 2012",403049,191450,9406,24904,9040,690123,8102,10484,4187
"Jan 12, 2012",421857,191484,9495,25144,8918,681328,8128,10356,4196
"Jan 11, 2012",409453,191636,9543,24336,8979,696450,8182,10537,4148
"Jan 10, 2012",402485,191897,9588,24891,9104,697923,8309,10468,4190
"Jan 09, 2012",415599,186262,9438,24918,9198,705613,8272,10501,4209
"Jan 08, 2012",417645,192231,9445,24770,9097,708100,8363,10470,4193
"Jan 07, 2012",422246,192285,9451,24982,9148,708517,8337,10384,4254
"Jan 06, 2012",419012,192485,9416,24991,9092,714151,8373,10599,4221
"Jan 05, 2012",414559,192768,9461,25110,9285,717336,8401,10652,4253
"Jan 04, 2012",415401,192903,9661,25137,9100,717658,8500,10675,4254
"Jan 03, 2012",420405,193086,9616,24901,9040,724818,8493,10783,4293
"Jan 02, 2012",428933,193156,9625,25273,9084,725857,8463,10591,4221
"Jan 01, 2012",429537,193215,9547,24796,9138,729733,8499,10830,4295
"Dec 31, 2011",423250,193307,9531,25340,9337,726818,8556,10605,4260
"Dec 30, 2011",408045,193431,9636,24964,8992,716992,8516,10785,4265
"Dec 29, 2011",420013,193544,9605,25433,9193,732553,8553,10604,4298
"Dec 28, 2011",418974,193663,9644,25737,9002,733447,8570,10678,4302
"Dec 27, 2011",413804,193762,9697,25020,9221,732061,8577,10707,4325
"Dec 26, 2011",420180,193949,9690,25383,9103,734217,8671,10765,4308
"Dec 25, 2011",418368,193957,9728,25312,9182,734235,8596,10824,4370
"Dec 24, 2011",424563,194068,9782,25714,9208,733515,8655,10598,4145
"Dec 23, 2011",424416,194105,9722,25470,9084,734813,8457,10771,4344
"Dec 22, 2011",417603,194089,9733,25707,9157,736666,8620,10727,4313
"Dec 21, 2011",422020,194421,9709,26183,9053,734159,8664,10639,4344
"Dec 20, 2011",423212,194345,9534,25765,9155,725037,8689,10835,4359
"Dec 19, 2011",427016,194520,9742,25894,9200,737923,8693,10794,4358
"Dec 18, 2011",420799,194729,9743,25372,9211,737882,8659,10661,4348
"Dec 17, 2011",425825,194756,9814,25184,9223,738599,8697,10557,4382
"Dec 16, 2011",414997,194879,9682,25719,9306,739004,8664,10749,4341
"Dec 15, 2011",428784,194976,9763,25475,9299,742078,8682,10774,4326
"Dec 14, 2011",426076,195092,9750,25588,9225,741747,8792,10668,4332
"Dec 13, 2011",428411,186532,9787,25676,9269,743698,8798,10614,4368
"Dec 12, 2011",421144,195538,9837,25751,9117,743522,8740,10750,4398
"Dec 11, 2011",418942,195501,9663,24985,9306,747429,8817,10815,4358
"Dec 10, 2011",429454,195609,9833,25662,9109,746022,8720,10949,4353
"Dec 09, 2011",432806,195662,9975,25816,9471,746050,8820,10711,4390
"Dec 08, 2011",432322,195844,9724,25757,9301,747011,8758,10698,4404
"Dec 07, 2011",437877,195875,9778,26173,9456,749916,8758,10739,4416
"Dec 06, 2011",440199,196172,9670,26173,9203,750287,8843,10712,4384
"Dec 05, 2011",435292,196467,9742,25484,9266,752065,8861,10777,4409
"Dec 04, 2011",436764,196426,9925,26062,9073,753685,8784,10761,4418
"Dec 03, 2011",434249,196437,9834,25989,9180,752592,8850,10815,4442
"Dec 02, 2011",439100,196698,9886,25737,9265,754746,8797,10842,4420
"Dec 01, 2011",445937,196845,9858,25897,9094,755501,8864,10826,4451
"Nov 30, 2011",432420,196877,9956,26810,9193,754907,8805,10729,4424
"Nov 29, 2011",427228,196956,10027,26014,9341,755382,8907,10849,4415
"Nov 28, 2011",434078,197215,9909,25756,9441,755261,8584,10848,4424
"Nov 27, 2011",441656,197242,9812,26048,9484,757024,8873,10953,4452
"Nov 26, 2011",441664,197403,10092,25744,9328,758751,8903,10806,4476
"Nov 25, 2011",445034,197481,10104,25358,9331,723636,8880,10699,4437
"Nov 24, 2011",438926,197539,10005,25266,9409,756393,8972,10859,4453
"Nov 23, 2011",442915,197531,9964,26429,9392,757611,8971,10724,4438
"Nov 22, 2011",449260,197747,9972,26138,9462,756444,8973,10925,4469
"Nov 21, 2011",436637,197892,10115,26053,9478,758700,8924,10980,4479
"Nov 20, 2011",444973,198065,10091,26260,9410,762004,8901,11012,4458
"Nov 19, 2011",444784,198194,9931,26352,9490,760735,8916,10645,4457
"Nov 18, 2011",441628,198308,10046,26500,9368,760522,8920,10719,4438
"Nov 17, 2011",440285,198608,9996,26609,9277,762559,8937,10735,4456
"Nov 16, 2011",446327,198656,10068,26288,9336,761488,8999,10788,4495
"Nov 15, 2011",447826,198928,10171,26829,9502,760915,8946,10797,4498
"Nov 14, 2011",450772,199483,10105,26425,9426,762413,9011,11032,4472
"Nov 13, 2011",455979,199859,10229,26685,9582,761333,9033,10806,4525
"Nov 12, 2011",447039,199980,10239,26321,9776,764752,8954,10903,4492
"Nov 11, 2011",448361,200070,10185,26130,9558,765447,8917,10810,4484
"Nov 10, 2011",448787,200214,10197,26607,9558,765087,8967,10873,4498
"Nov 09, 2011",449566,200428,10229,26329,9570,765480,8960,10913,4506
"Nov 08, 2011",451951,200607,10064,26160,9743,767474,9029,10998,4563
"Nov 07, 2011",458916,200666,10074,26430,9591,768413,9095,10841,4532
"Nov 06, 2011",448277,200799,10185,26846,9820,765984,9115,10899,4544
"Nov 05, 2011",459533,200866,10105,26791,9578,770382,9028,10820,4526
"Nov 04, 2011",451320,200874,10009,26344,9841,769741,9057,10817,4529
"Nov 03, 2011",458454,201005,10241,26284,9852,768683,9160,10980,4557
"Nov 02, 2011",455885,201248,10104,27082,9617,770020,9173,10891,4541
"Nov 01, 2011",464754,201191,10241,27107,9489,769461,9172,10872,4569
"Oct 31, 2011",454973,201258,10069,26524,9813,770805,9104,10921,4507
"Oct 30, 2011",451032,201578,10139,27440,9704,771156,9119,11030,4526
"Oct 29, 2011",451467,201521,10168,27007,9676,769952,9205,11069,4528
"Oct 28, 2011",454617,201587,10376,26637,9836,772086,9128,11067,4542
"Oct 27, 2011",461814,201825,10225,26919,9896,774197,9141,10907,4590
"Oct 26, 2011",454652,201949,10094,27557,9833,772598,9255,10965,4578
"Oct 25, 2011",458361,202155,10226,27057,9673,773251,9167,10993,4579
"Oct 24, 2011",464309,202118,10305,27236,9902,774430,9245,11021,4572
"Oct 23, 2011",469031,202395,10357,27649,9872,774132,9271,10895,4572
"Oct 22, 2011",462714,202376,10144,27465,9921,776106,9217,11061,4597
"Oct 21, 2011",465864,202472,10215,27230,9870,774091,9309,10864,4575
"Oct 20, 2011",464561,202500,10510,26744,9727,777364,9251,10892,4576
"Oct 19, 2011",469909,202525,10270,27479,9851,776064,9297,10968,4583
"Oct 18, 2011",462529,202799,10305,27141,9901,777095,9340,10999,4609
"Oct 17, 2011",470657,203083,10382,27482,9879,780076,9385,10917,4638
"Oct 16, 2011",463962,203275,10327,27030,9934,778346,9364,10993,4637
"Oct 15, 2011",470441,203320,10272,27447,9787,782224,9394,10975,4660
"Oct 14, 2011",474028,203480,10482,27881,9684,780237,9307,11093,4670
"Oct 13, 2011",469573,203840,10424,27598,10023,771917,9418,10926,4668
"Oct 12, 2011",476956,203884,10431,27528,9763,783006,9313,10951,4701
"Oct 11, 2011",479823,204080,10655,27700,9748,781431,9404,10869,4638
"Oct 10, 2011",474929,204513,10326,27666,9993,786419,9375,11123,4712
"Oct 09, 2011",481463,204610,10523,27686,9833,785775,9370,11247,4733
"Oct 08, 2011",478861,201766,10493,27601,9845,774132,9399,10900,4721
"Oct 07, 2011",476688,204738,10333,26872,9754,788548,9463,11178,4737
"Oct 06, 2011",485268,204883,10425,27932,9856,789266,9495,11144,4738
"Oct 05, 2011",477767,205049,10577,27617,9791,788944,9477,11246,4692
"Oct 04, 2011",480881,205071,10540,28227,9906,789373,9510,11118,4706
"Oct 03, 2011",479886,205357,10586,28074,9915,789461,9478,10941,4753
"Oct 02, 2011",478545,205286,10518,27652,10035,788132,9450,11077,4718
"Oct 01, 2011",478174,205404,10681,27754,9931,788715,9481,11112,4735
"Sep 30, 2011",476617,205472,10505,28004,10049,790475,9487,11200,4774
"Sep 29, 2011",481682,205649,10649,27807,10102,788554,9506,10997,4774
"Sep 28, 2011",476365,205622,10581,27799,10044,790368,9503,11103,4750
"Sep 27, 2011",481814,205661,10562,27884,9976,788549,9249,11059,4738
"Sep 26, 2011",479450,196528,10412,28414,10099,790879,9436,11090,4727
"Sep 25, 2011",490571,205844,10414,27622,9838,790171,9430,11204,4753
"Sep 24, 2011",486416,205764,10569,27824,10164,789403,9437,11059,4744
"Sep 23, 2011",497849,205850,10416,28433,10106,791976,9438,11126,4751
"Sep 22, 2011",487569,206302,10513,28251,9998,793783,9543,11061,4734
"Sep 21, 2011",491898,206413,10622,27991,10005,793736,9509,11127,4729
"Sep 20, 2011",486058,206566,10632,28324,10251,793651,9476,11197,4774
"Sep 19, 2011",496978,206730,10463,28139,10371,793352,9449,11156,4708
"Sep 18, 2011",494749,206676,10556,29420,10182,793817,9421,11290,4799
"Sep 17, 2011",493696,206899,10556,28291,10186,795624,9531,10917,4795
"Sep 16, 2011",498666,206739,10415,28613,10032,793943,9439,11140,4774
"Sep 15, 2011",497736,206973,10700,28947,10202,780986,9544,11088,4804
"Sep 14, 2011",505687,207094,10376,28790,10192,793133,9458,11136,4635
"Sep 13, 2011",503436,204568,10673,28476,10320,796757,9510,11189,4756
"Sep 12, 2011",501415,207575,10650,28776,10244,795410,9478,11204,4780
"Sep 11, 2011",498014,207641,10656,29407,10101,796642,9487,11133,4766
"Sep 10, 2011",505217,207593,10589,28591,10214,796603,9569,11317,4794
"Sep 09, 2011",506391,207820,10652,29459,9993,795306,9457,11222,4806
"Sep 08, 2011",504044,207971,10687,28699,10152,796707,9478,11216,4853
"Sep 07, 2011",500567,208188,10663,29134,10468,798290,9555,11076,4842
"Sep 06, 2011",507001,208777,10617,29282,10189,797986,9464,11225,4811
"Sep 05, 2011",503602,208747,10634,29377,10129,802288,9571,11282,4810
"Sep 04, 2011",505324,208891,10528,29115,10026,801904,9540,11430,4849
"Sep 03, 2011",517428,209064,10629,29660,10311,801645,9478,11267,4811
"Sep 02, 2011",519061,209094,10704,29207,10127,800354,9490,11169,4813
"Sep 01, 2011",503789,209218,10551,30024,10291,802447,9497,11318,4811
"Aug 31, 2011",518561,209172,10710,30071,10179,802226,9487,11332,4831
"Aug 30, 2011",508629,209270,10702,30402,10262,801957,9554,11393,4816
"Aug 29, 2011",516936,209351,10736,30041,10405,801864,9565,11116,4823
"Aug 28, 2011",514439,209647,10713,30411,10309,801138,9481,11400,4869
"Aug 27, 2011",523420,209886,10769,30899,10396,802582,9489,11300,4863
"Aug 26, 2011",521910,209550,10666,30302,10396,801400,9564,11167,4809
"Aug 25, 2011",517636,209515,10851,29782,10164,804327,9588,11230,4827
"Aug 24, 2011",520953,210085,10835,30129,10265,802489,9513,11329,4883
"Aug 23, 2011",519593,209930,10747,30550,10432,802033,9598,11205,4851
"Aug 22, 2011",511419,209906,10871,30059,10390,804775,9516,11319,4901
"Aug 21, 2011",521248,210136,10760,31086,10309,804302,9624,11299,4876
"Aug 20, 2011",524736,210460,10812,30846,10233,806245,9601,11285,4856
"Aug 19, 2011",525083,210203,10866,30429,10216,806683,9615,11203,4844
"Aug 18, 2011",526906,210264,10741,30785,10483,806168,9555,11172,4821
"Aug 17, 2011",521224,211067,10817,30640,10310,803553,9520,11483,4871
"Aug 16, 2011",532489,210875,10896,30722,10319,804703,9567,11555,4881
"Aug 15, 2011",533934,211171,10729,30744,10584,805478,9548,11373,4851
"Aug 14, 2011",533867,211479,10860,31057,10247,805668,9631,11256,4870
"Aug 13, 2011",538362,211452,10849,31696,10490,807087,9578,11321,4904
"Aug 12, 2011",527302,211872,10982,31226,10615,809043,9666,11202,4877
"Aug 11, 2011",551699,212378,10793,31083,10722,806274,9675,10972,4909
"Aug 10, 2011",547388,212397,10881,31647,10491,809741,9681,11456,4831
